itemid,act,ItemKnn,UserKNN,SVD,SVD++,Random
324,5,4.447171299045787,3.7828914132455824,4.407920667403876,4.680939281409986,4.820378959592509
294,5,4.441263071343448,3.5990805751933497,4.153739407243889,4.214657141657864,4.262138697923853
258,5,4.438497491401343,3.4810190672309043,4.010678076716322,4.095272308509338,4.252715882515231
328,3,4.4339469271977965,3.0248955298043203,3.97334195419151,4.018168229458809,2.7169808722466104
288,4,4.413539550144414,2.9171020562241097,3.616765869169268,3.926050515655431,2.1534285743598582
